x,y
PM-WWA-20170625-078.jpg,PM-WWA-20170625-079.jpg
PM-WWA-20180329-023.jpg,PM-WWA-20180329-024.jpg
PM-WWA-20180522-163.jpg,PM-WWA-20180522-164.jpg
PM-WWA-20170819-261.jpg,PM-WWA-20170819-262.jpg
PM-WWA-20170417-075.jpg,PM-WWA-20170417-076.jpg
PM-WWA-20180913-370.jpg,PM-WWA-20180913-371.jpg
PM-WWA-20180914-032.jpg,PM-WWA-20180914-033.jpg
PM-WWA-20170917-003.jpg,PM-WWA-20170917-004.jpg
PM-WWA-20180813-042.jpg,PM-WWA-20180813-043.jpg
PM-WWA-20180714-009.jpg,PM-WWA-20180714-010.jpg
PM-WWA-20180407-426.jpg,PM-WWA-20180407-427.jpg
PM-WWA-20180812-077.jpg,PM-WWA-20180812-078.jpg
PM-WWA-20170624-806.jpg,PM-WWA-20170624-807.jpg
PM-WWA-20180407-372.jpg,PM-WWA-20180407-373.jpg
PM-WWA-20180805-022.jpg,PM-WWA-20180805-023.jpg
PM-WWA-20180820-077.jpg,PM-WWA-20180820-078.jpg
PM-WWA-20170921-335.jpg,PM-WWA-20170921-336.jpg
PM-WWA-20180509-210.jpg,PM-WWA-20180509-211.jpg
PM-WWA-20170625-079.jpg,PM-WWA-20170625-078.jpg
PM-WWA-20180329-024.jpg,PM-WWA-20180329-023.jpg
PM-WWA-20180522-164.jpg,PM-WWA-20180522-163.jpg
PM-WWA-20170819-262.jpg,PM-WWA-20170819-261.jpg
PM-WWA-20170417-076.jpg,PM-WWA-20170417-075.jpg
PM-WWA-20180913-371.jpg,PM-WWA-20180913-370.jpg
PM-WWA-20180914-033.jpg,PM-WWA-20180914-032.jpg
PM-WWA-20170917-004.jpg,PM-WWA-20170917-003.jpg
PM-WWA-20180813-043.jpg,PM-WWA-20180813-042.jpg
PM-WWA-20180714-010.jpg,PM-WWA-20180714-009.jpg
PM-WWA-20180407-427.jpg,PM-WWA-20180407-426.jpg
PM-WWA-20180812-078.jpg,PM-WWA-20180812-077.jpg
PM-WWA-20170624-807.jpg,PM-WWA-20170624-806.jpg
PM-WWA-20180407-373.jpg,PM-WWA-20180407-372.jpg
PM-WWA-20180805-023.jpg,PM-WWA-20180805-022.jpg
PM-WWA-20180820-078.jpg,PM-WWA-20180820-077.jpg
PM-WWA-20170921-336.jpg,PM-WWA-20170921-335.jpg
PM-WWA-20180509-211.jpg,PM-WWA-20180509-210.jpg
